year,no_prosp_reg,has_prosp_reg,perc_prosp_reg
2006,13,11,0.4583333333333333
2007,19,15,0.4411764705882353
2008,8,17,0.68
2009,15,28,0.6511627906976745
2010,17,36,0.6792452830188679
2011,18,27,0.6
2012,14,30,0.6818181818181818
2013,8,34,0.8095238095238095
2014,13,36,0.7346938775510204
2015,11,41,0.7884615384615384
2016,11,36,0.7659574468085106
2017,9,24,0.7272727272727273
2018,4,31,0.8857142857142857
