year,no_prosp_reg,has_prosp_reg,perc_prosp_reg
2006,11,11,0.5
2007,18,15,0.45454545454545453
2008,7,17,0.7083333333333334
2009,14,25,0.6410256410256411
2010,15,35,0.7
2011,15,27,0.6428571428571429
2012,9,24,0.7272727272727273
2013,7,31,0.8157894736842105
2014,11,32,0.7441860465116279
2015,11,31,0.7380952380952381
2016,9,26,0.7428571428571429
2017,8,24,0.75
2018,4,24,0.8571428571428571
2019,5,21,0.8076923076923077
