year,no_sum_res_12,has_sum_res_12,perc_sum_res_12
2006,1,0,0
2007,15,0,0
2008,21,0,0
2009,31,0,0
2010,24,0,0
2011,40,2,0.047619047619047616
2012,30,0,0
2013,33,0,0
2014,40,2,0.047619047619047616
2015,56,4,0.06666666666666667
2016,30,4,0.11764705882352941
2017,43,1,0.022727272727272728
2018,35,2,0.05405405405405406
